customerID,Churn,MonthlyCharges,churn_probability,churn_predicted,risk_tier
5178-LMXOP,1,95.1,0.8783,1,High
0295-PPHDO,1,95.45,0.8767,1,High
9057-SIHCH,1,96.6,0.8713,1,High
6023-YEBUP,1,100.95,0.8657,1,High
4587-VVTOX,1,105.3,0.8436,1,High
0970-ETWGE,1,89.55,0.84,1,High
8593-WHYHV,1,85.3,0.837,1,High
1273-MTETI,1,88.85,0.826,1,High
5380-AFSSK,1,93.9,0.8254,1,High
2865-TCHJW,1,89.2,0.8227,1,High
3006-XIMLN,1,94.2,0.8209,1,High
4415-IJZTP,1,74.5,0.7995,1,High
2609-IAICY,1,77.15,0.797,1,High
8086-OVPWV,1,80.2,0.7961,1,High
0404-SWRVG,1,74.4,0.7928,1,High
1320-HTRDR,1,75.5,0.7904,1,High
8258-GSTJK,1,77.0,0.7903,1,High
1678-FYZOW,1,79.4,0.7893,1,High
8443-ZRDBZ,1,76.05,0.7879,1,High
7493-TPUWZ,1,79.15,0.7862,1,High
7218-HKQFK,1,94.2,0.7853,1,High
8083-YTZES,1,74.35,0.7853,1,High
2959-MJHIC,1,80.35,0.7847,1,High
1628-BIZYP,0,85.0,0.7833,1,High
7314-OXENN,1,82.0,0.7824,1,High
0684-AOSIH,1,95.0,0.7783,1,High
5644-PDMZC,1,89.5,0.7718,1,High
7005-CCBKV,1,84.4,0.7671,1,High
5868-YWPDW,1,84.2,0.767,1,High
6861-XWTWQ,1,99.25,0.7627,1,High
1447-GIQMR,1,69.15,0.7479,1,High
1820-TQVEV,1,69.55,0.7455,1,High
8375-DKEBR,1,69.6,0.7454,1,High
7254-IQWOZ,1,69.65,0.7454,1,High
9804-ICWBG,1,69.9,0.7451,1,High
8000-REIQB,1,69.95,0.745,1,High
0328-GRPMV,1,70.1,0.7449,1,High
5376-DEQCP,1,70.6,0.7443,1,High
3878-AVSOQ,0,71.25,0.7436,1,High
8644-XLFBW,1,71.65,0.7431,1,High
5442-UTCVD,1,91.85,0.7428,1,High
9717-QEBGU,0,70.3,0.7409,1,High
3707-GNWHM,1,74.25,0.7407,1,High
3721-CNEYS,1,70.95,0.7387,1,High
7379-POKDZ,1,70.3,0.7375,1,High
9019-QVLZD,1,79.55,0.7357,1,High
6856-RAURS,0,74.9,0.7326,1,High
8183-ONMXC,1,80.75,0.7317,1,High
2761-OCIAX,1,74.7,0.7274,1,High
6376-GAHQE,1,77.85,0.7229,1,High
7384-GHBPI,1,35.15,0.7218,1,High
0235-KGSLC,1,85.55,0.7209,1,High
1853-UDXBW,1,70.0,0.7185,1,High
3422-LYEPQ,1,71.0,0.7173,1,High
6137-NICCO,0,94.05,0.7163,1,High
8873-GLDMH,0,73.85,0.715,1,High
8380-PEFPE,1,71.65,0.7142,1,High
4115-NZRKS,0,89.15,0.7118,1,High
6979-ZNSFF,1,87.05,0.7118,1,High
0923-PNFUB,1,83.75,0.7103,1,High
8266-VBFQL,0,90.4,0.7099,1,High
9840-DVNDC,1,80.5,0.7098,1,High
7273-TEFQD,1,41.15,0.7088,1,High
0455-XFASS,0,69.55,0.7082,1,High
8481-YYXWG,1,89.35,0.705,1,High
3908-BLSYF,1,83.9,0.702,1,High
7249-WBIYX,1,85.6,0.7017,1,High
5339-PXDVH,0,90.65,0.7002,1,High
6328-ZPBGN,1,95.15,0.7,1,High
0258-NOKBL,0,90.4,0.6971,1,High
3877-JRJIP,1,59.85,0.6941,1,High
7209-JCUDS,1,94.9,0.6908,1,High
3338-CVVEH,0,94.55,0.6873,1,High
3621-CEOVK,1,100.2,0.6848,1,High
1567-DSCIC,1,94.0,0.683,1,High
0411-EZJZE,0,60.25,0.6814,1,High
0390-DCFDQ,1,70.45,0.6782,1,High
2260-USTRB,1,70.2,0.6766,1,High
9094-AZPHK,0,100.15,0.6763,1,High
0685-MLYYM,1,70.75,0.6727,1,High
1024-GUALD,1,24.8,0.6717,1,High
0916-QOFDP,0,95.8,0.6715,1,High
5442-BHQNG,0,70.35,0.67,1,High
1768-ZAIFU,1,25.2,0.6691,1,High
5832-XKAES,1,69.8,0.6689,1,High
9565-DJPIB,1,89.6,0.6686,1,High
4029-HPFVY,0,70.3,0.6672,1,High
4983-CCWMC,0,69.6,0.6664,1,High
2985-FMWYF,0,93.5,0.6649,1,High
2041-JIJCI,0,64.0,0.6631,1,High
9444-JTXHZ,1,76.2,0.6621,1,High
9940-RHLFB,1,75.3,0.6608,1,High
6910-HADCM,1,76.35,0.6594,1,High
2608-BHKFN,1,70.05,0.6577,1,High
6683-VLCTZ,1,98.55,0.657,1,High
2919-HBCJO,1,76.65,0.6561,1,High
0330-IVZHA,1,69.95,0.6557,1,High
0840-DFEZH,0,75.35,0.6551,1,High
0388-EOPEX,1,74.4,0.6549,1,High
9334-GWGOW,0,74.85,0.6529,1,High
8541-QVFKM,0,73.5,0.6525,1,High
6705-LXORM,0,70.05,0.6521,1,High
6175-IRFIT,0,78.75,0.6516,1,High
3199-XGZCY,0,75.25,0.6458,1,High
0876-WDUUZ,1,85.4,0.6457,1,High
3585-ISXZP,1,95.65,0.6425,1,High
4735-ASGMA,1,98.35,0.6414,1,High
1200-TUZHR,0,85.2,0.6404,1,High
0506-LVNGN,1,75.55,0.6354,1,High
2754-SDJRD,0,100.15,0.6343,1,High
5357-TZHPP,1,84.4,0.6328,1,High
4514-GFCFI,1,84.75,0.6235,1,High
4884-ZTHVF,0,87.1,0.6234,1,High
5760-FXFVO,0,78.95,0.6167,1,High
6543-XRMYR,1,99.7,0.6164,1,High
9643-AVVWI,0,80.0,0.6162,1,High
0871-URUWO,1,102.25,0.6161,1,High
8510-AWCXC,1,100.8,0.6135,1,High
5569-KGJHX,1,85.35,0.613,1,High
2809-ZMYOQ,0,101.35,0.6113,1,High
4298-OYIFC,0,103.45,0.6113,1,High
4512-ZUIYL,1,70.0,0.6098,1,High
0988-JRWWP,0,54.2,0.6092,1,High
9279-CJEOJ,0,95.4,0.6044,1,High
8709-KRDVL,0,100.0,0.6017,1,High
6899-PPEEA,1,96.55,0.5971,1,High
2845-HSJCY,1,87.25,0.5936,1,High
9136-ALYBR,1,24.45,0.5925,1,High
9227-LUNBG,1,24.6,0.5918,1,High
1496-GGSUK,1,25.7,0.5908,1,High
7912-SYRQT,1,75.1,0.5898,1,High
3717-OEAUQ,0,70.7,0.5888,1,High
3223-WZWJM,1,83.95,0.5867,1,High
9638-JIQYA,0,24.9,0.5838,1,High
4873-ILOLJ,1,90.35,0.5809,1,High
8212-DJRCH,0,90.35,0.58,1,High
5364-XYIRR,1,94.65,0.5796,1,High
5380-WJKOV,1,106.35,0.5793,1,High
5480-HPRRX,1,25.3,0.5792,1,High
2665-NPTGL,0,98.1,0.5783,1,High
6034-YMTOB,0,75.65,0.5781,1,High
1016-DJTSV,0,69.7,0.576,1,High
1379-FRVEB,0,91.0,0.5758,1,High
3966-HRMZA,0,75.05,0.5672,1,High
3317-VLGQT,0,78.1,0.5671,1,High
6319-IEJWJ,1,90.2,0.5666,1,High
5759-RCVCB,1,35.2,0.5665,1,High
4686-UXDML,0,99.85,0.566,1,High
9685-WKZGT,1,74.95,0.5625,1,High
2187-PKZAY,0,79.95,0.5621,1,High
8111-SLLHI,1,105.65,0.5614,1,High
5652-MSDEY,0,75.75,0.5574,1,High
7892-POOKP,1,104.8,0.5574,1,High
2135-RXIHG,1,45.65,0.5546,1,High
0689-NKYLF,1,83.2,0.5501,1,High
4749-VFKVB,1,50.1,0.5487,1,High
9842-EFSYY,0,57.2,0.5468,1,High
0337-CNPZE,1,106.3,0.5462,1,High
0576-WNXXC,1,95.55,0.5444,1,High
7587-RZNME,1,43.3,0.5438,1,High
2959-FENLU,0,85.3,0.5433,1,High
9054-FOWNV,0,88.75,0.5422,1,High
6651-AZVTJ,1,99.8,0.5411,1,High
1077-HUUJM,0,71.05,0.5408,1,High
1751-NCDLI,0,98.85,0.5404,1,High
6608-QQLVK,1,50.5,0.5381,1,High
9389-ACWBI,0,69.95,0.5375,1,High
9866-QEVEE,1,86.0,0.5371,1,High
9752-ZNQUT,0,48.6,0.5367,1,High
4317-VTEOA,1,50.75,0.5337,1,High
3672-YITQD,1,84.1,0.5314,1,High
8393-DLHGA,1,95.9,0.5313,1,High
3143-JQEGI,1,88.35,0.528,1,High
0023-XUOPT,1,94.1,0.5258,1,High
1754-GKYPY,0,89.75,0.5232,1,High
0096-BXERS,0,50.35,0.5218,1,High
0654-HMSHN,1,104.4,0.5215,1,High
0899-LIIBW,0,100.85,0.5215,1,High
8818-DOPVL,0,104.45,0.5206,1,High
2860-RANUS,1,85.8,0.5196,1,High
8008-HAWED,1,50.75,0.5189,1,High
7404-JLKQG,0,57.55,0.5158,1,High
8938-UMKPI,1,106.4,0.5152,1,High
1522-VVDMG,1,89.75,0.5151,1,High
8785-CJSHH,0,99.8,0.5143,1,High
3588-WSTTJ,0,99.05,0.5129,1,High
0921-OHLVP,0,83.05,0.5116,1,High
3858-VOBET,1,74.95,0.5112,1,High
0147-ESWWR,0,101.25,0.5089,1,High
7586-ZATGZ,0,84.9,0.5029,1,High
6542-LWGXJ,0,25.0,0.4996,1,High
4947-DSMXK,0,97.7,0.4986,1,High
3891-PUQOD,1,59.2,0.4939,1,High
2398-YPMUR,1,70.15,0.4937,1,High
4412-YLTKF,1,78.05,0.4887,1,High
7410-YTJIK,1,75.45,0.486,1,High
1035-IPQPU,0,103.5,0.4855,1,High
8565-CLBZW,1,89.85,0.4825,1,High
8059-UDZFY,0,105.35,0.4821,1,High
2720-FVBQP,0,48.95,0.4813,1,High
3082-VQXNH,0,29.8,0.4777,1,High
3096-IZETN,1,78.1,0.4773,1,High
5889-JTMUL,1,95.05,0.4766,1,High
6481-ESCNL,0,100.55,0.4736,1,High
9214-EKVXR,0,44.0,0.4735,1,High
7663-RGWBC,1,44.15,0.4733,1,High
0529-ONKER,1,75.65,0.4732,1,High
8720-RQSBJ,0,44.0,0.4731,1,High
2501-XWWTZ,0,70.2,0.4728,1,High
8676-OOQEJ,0,30.5,0.4722,1,High
8080-DDEMJ,1,45.1,0.4716,1,High
5692-FPTAH,1,45.4,0.4715,1,High
9117-SHLZX,1,45.7,0.4711,1,High
5133-POWUA,0,45.8,0.471,1,High
4237-RLAQD,1,45.85,0.4709,1,High
6661-HBGWL,1,104.75,0.4696,1,High
5365-LLFYV,0,45.85,0.4694,1,High
2582-FFFZR,0,50.6,0.4684,1,High
0963-ZBDRN,1,96.2,0.4677,1,High
7892-QVYKW,0,85.6,0.4668,1,High
5331-RGMTT,0,99.05,0.4647,1,High
0322-CHQRU,1,45.35,0.4646,1,High
8584-KMVXD,0,75.6,0.4645,1,High
9058-CBREO,1,50.55,0.4643,1,High
1320-REHCS,0,110.75,0.4625,1,High
8378-LKJAF,0,101.15,0.462,1,High
5650-YLIBA,0,81.15,0.4612,1,High
5307-DZCVC,1,85.95,0.461,1,High
7470-MCQTK,1,48.75,0.4604,1,High
6877-LGWXO,1,78.55,0.4591,1,High
9465-RWMXL,1,78.9,0.4588,1,High
0778-NELLA,1,34.7,0.4588,1,High
6704-UTUKK,0,45.9,0.4569,1,High
9261-WDCAF,0,54.65,0.4559,1,High
9637-EIHEQ,1,50.8,0.4555,1,High
2309-OSFEU,1,33.9,0.4546,1,High
4678-DVQEO,1,52.2,0.4536,1,High
1452-KIOVK,0,89.1,0.4517,1,High
1845-ZLLIG,0,50.15,0.451,1,High
1092-GANHU,1,76.65,0.4508,1,High
1624-WOIWJ,1,84.7,0.4507,1,High
5022-JNQEQ,0,75.85,0.4492,1,High
9450-TRJUU,0,83.15,0.4478,1,High
9927-DSWDF,0,104.6,0.4478,1,High
8806-EAGWC,1,55.15,0.4467,1,High
3237-AJGEH,1,31.0,0.4466,1,High
9283-LZQOH,1,74.4,0.4466,1,High
5373-SFODM,1,85.25,0.4465,1,High
4658-HCOHW,1,102.8,0.4463,1,High
2528-HFYZX,1,76.45,0.4461,1,High
7018-WBJNK,0,78.3,0.446,1,High
4846-WHAFZ,1,76.5,0.4456,1,High
9278-VZKCD,0,109.1,0.445,1,High
3757-NJYBX,1,106.35,0.4445,1,High
1902-XBTFB,1,89.4,0.4445,1,High
7279-BUYWN,1,113.2,0.444,1,High
8914-RBTSB,1,93.8,0.4431,1,High
8696-JKZNU,1,76.25,0.443,1,High
0682-USIXD,0,86.05,0.439,1,High
6284-AHOOQ,1,90.5,0.4378,1,High
5626-MGTUK,0,89.1,0.4373,1,High
9824-BEMCV,1,69.0,0.4344,1,High
6304-IJFSQ,1,49.9,0.4341,1,High
3658-KIBGF,1,54.9,0.4323,1,High
8993-IZEUX,0,69.15,0.4299,1,High
8212-CRQXP,0,80.0,0.429,1,High
4818-QIUFN,1,79.15,0.4263,1,High
2955-BJZHG,1,80.85,0.4248,1,High
2874-YXVVA,0,105.1,0.4239,1,High
6168-YBYNP,0,111.35,0.4234,1,High
7567-ECMCM,0,79.85,0.4223,1,High
8155-IBNHG,1,75.4,0.4206,1,High
9576-SYUHJ,0,91.15,0.4197,1,High
2480-SQIOB,0,44.8,0.4181,1,High
1100-DDVRV,0,49.8,0.4165,1,High
5651-YLPRD,0,86.1,0.4156,1,High
1319-YLZJG,0,84.6,0.4145,1,High
9710-ZUSHQ,1,106.75,0.4136,1,High
1816-FLZDK,0,29.15,0.4118,1,High
8272-ONJLV,0,95.7,0.4065,1,High
3761-FLYZI,0,108.8,0.4049,1,High
3587-PMCOY,0,98.9,0.4037,1,High
0363-QJVFX,1,108.15,0.4033,1,High
6173-GOLSU,0,94.65,0.4032,1,High
9512-UIBFX,1,95.15,0.3991,1,High
5016-IBERQ,0,84.25,0.3983,1,High
3331-HQDTW,1,109.8,0.3968,1,High
3932-IJWDZ,0,103.65,0.3965,1,High
6240-EURKS,1,35.0,0.3956,1,High
6834-NXDCA,1,23.9,0.3937,1,High
7277-OZCGZ,0,89.05,0.3931,1,High
4983-CLMLV,0,102.7,0.3905,1,High
2672-OJQZP,0,44.75,0.3903,1,High
9244-ZVAPM,0,45.6,0.3891,1,High
6557-BZXLQ,0,69.65,0.3883,1,High
2386-OWURY,0,95.3,0.3868,1,High
2971-SGAFL,0,78.75,0.3861,1,High
3569-EDBPQ,0,84.35,0.3832,1,High
3197-ARFOY,0,105.0,0.383,1,High
9369-XFEHK,1,80.6,0.3821,1,High
3780-YVMFA,0,68.55,0.3816,1,High
6080-TCMYC,0,81.2,0.3804,1,High
4760-THGOT,0,94.1,0.3778,1,High
5419-KLXBN,1,89.15,0.3762,1,High
2869-ADAWR,1,89.3,0.3752,1,High
6741-EGCBI,0,90.5,0.3741,1,High
1357-BIJKI,0,98.25,0.3741,1,High
9286-DOJGF,1,74.95,0.374,1,High
0422-UXFAP,0,98.85,0.3719,1,High
1587-FKLZB,1,99.5,0.3718,1,High
0537-QYZZN,0,79.85,0.3717,1,High
1481-ZUWZA,1,94.5,0.3709,1,High
3207-OYBWH,1,95.25,0.3708,1,High
8757-TFHHJ,0,49.8,0.3702,1,High
7579-OOPEC,1,50.15,0.3689,1,High
3374-LXDEV,1,89.4,0.3681,1,High
8805-JNRAZ,0,49.2,0.3672,1,High
2573-GYRUU,0,91.05,0.3665,1,High
4248-QPAVC,1,85.35,0.3651,1,High
4026-SKKHW,0,50.25,0.3643,1,High
2625-TRCZQ,0,49.65,0.3637,1,High
6825-UYPFK,1,75.6,0.3617,1,High
4570-QHXHL,0,43.75,0.3612,1,High
3594-KADLU,0,35.1,0.3596,1,High
6711-VTNRE,1,87.55,0.3574,1,High
2178-PMGCJ,0,69.7,0.3574,1,High
5302-BDJNT,0,95.5,0.3573,1,High
6128-AQBMT,0,53.95,0.3564,1,High
4657-FWVFY,0,96.35,0.3562,1,High
0823-HSCDJ,1,49.15,0.3556,1,High
5590-YRFJT,1,24.45,0.354,1,High
0727-BMPLR,1,100.0,0.3511,1,High
1541-ETJZO,1,62.05,0.351,1,High
5076-YVXCM,0,83.4,0.3499,1,High
3923-CSIHK,1,71.05,0.3477,1,High
9822-WMWVG,0,106.5,0.347,1,High
9661-MHUMO,1,49.25,0.3435,1,High
2894-QOJRX,1,34.0,0.3425,1,High
7623-TRNQN,1,49.9,0.3425,1,High
5207-PLSTK,0,48.75,0.3423,1,High
7250-EQKIY,1,50.45,0.342,1,High
8388-FYNPZ,0,56.75,0.3402,1,High
6845-RGTYS,1,98.75,0.3399,1,High
1261-FWTTE,0,34.65,0.3398,1,High
2522-AHJXR,0,109.45,0.338,1,High
1575-KRZZE,0,55.2,0.3356,1,High
5804-HYIEZ,0,106.05,0.3346,1,High
4468-YDOVK,0,48.65,0.334,1,High
2692-PFYTJ,0,25.75,0.3331,1,High
3349-ANQNH,0,99.5,0.3321,1,High
4647-XXZAM,0,45.5,0.3309,1,High
9474-PHLYD,1,59.45,0.3305,1,High
1310-QRITU,0,50.3,0.3291,1,High
2842-BCQGE,0,75.35,0.3279,1,High
4905-JEFDW,1,41.6,0.3272,1,High
1907-YLNYW,0,66.7,0.3266,1,High
2391-SOORI,1,49.35,0.3265,1,High
4323-SADQS,1,34.5,0.3257,1,High
2432-TFSMK,0,89.6,0.3252,1,High
0265-PSUAE,0,100.7,0.3234,1,High
4256-ZWTZI,0,51.0,0.3232,1,High
0058-EVZWM,0,89.8,0.3188,1,High
4480-MBMLB,0,104.8,0.3178,1,High
3787-TRIAL,0,26.05,0.316,1,High
4396-KLSEH,0,19.85,0.3151,1,High
3567-PQTSO,0,105.25,0.3145,1,High
6234-PFPXL,0,95.9,0.3141,1,High
6891-JPYFF,0,105.25,0.3117,1,High
5136-GFPMB,0,89.4,0.3105,1,High
4558-FANTW,1,91.85,0.3096,1,High
1550-LOAHA,1,84.15,0.3096,1,High
1644-IRKSF,1,93.8,0.3087,1,High
9381-NDKME,1,40.65,0.3079,1,High
9350-VLHMB,0,89.55,0.3074,1,High
7246-ZGQDF,0,54.5,0.3057,1,High
6946-LMSQS,1,89.05,0.3044,1,High
3173-NVMPX,0,55.3,0.3044,1,High
9819-FBNSV,0,72.25,0.3033,1,High
0913-XWSCN,0,85.5,0.3017,1,High
7854-EKTJL,1,19.6,0.3007,1,High
9544-PYPSJ,0,96.1,0.3002,1,High
5575-TPIZQ,0,89.15,0.3001,1,High
7669-LCRSD,0,56.3,0.2992,1,High
0365-GXEZS,0,78.2,0.2986,1,High
1442-BQPVU,0,29.15,0.2984,1,High
4937-QPZPO,0,99.9,0.2953,1,High
0013-MHZWF,0,69.4,0.2929,1,High
9089-UOWJG,0,58.35,0.2915,1,High
8033-VCZGH,0,103.95,0.2911,1,High
6874-SGLHU,0,97.0,0.2891,1,High
1074-AMIOH,0,108.25,0.2888,1,High
3018-TFTSU,1,81.7,0.2877,1,High
0431-APWVY,1,90.1,0.287,1,High
3162-ZJZFU,0,92.55,0.2849,1,High
4088-YLDSU,1,104.15,0.2845,1,High
0742-MOABM,1,50.05,0.284,1,High
7814-LEEVE,0,20.3,0.2824,1,High
1600-DILPE,0,45.0,0.2819,1,High
7251-XFOIL,0,89.2,0.2804,1,High
2139-FQHLM,0,89.95,0.2798,1,High
8623-ULFNQ,0,66.05,0.2788,1,High
8728-SKJLR,0,74.25,0.2781,1,High
6815-ABQFQ,0,107.25,0.275,1,High
9375-MHRRS,0,50.05,0.2746,1,High
7876-BEUTG,0,48.8,0.2744,1,High
5325-UWTWJ,0,90.55,0.274,1,High
2480-EJWYP,0,97.8,0.2736,1,High
3058-HJCUY,1,102.6,0.2718,1,High
3466-WAESX,0,69.1,0.2704,1,High
8992-CEUEN,0,18.85,0.2703,1,High
4672-FOTSD,0,67.25,0.2703,1,High
6627-CFOSN,0,99.45,0.2702,1,High
0761-AETCS,1,19.3,0.2698,1,High
8566-YPRGL,0,19.5,0.2697,1,High
0811-GSDTP,0,30.15,0.2694,1,High
2369-FEVNO,0,19.9,0.2693,1,High
5949-HGVJL,0,73.05,0.2692,1,High
7839-QRKXN,1,20.2,0.269,1,High
1049-FYSYG,0,35.65,0.269,1,High
4634-JLRJT,0,20.35,0.2688,1,High
4690-LLKUA,1,45.05,0.2688,1,High
7893-IXHRQ,1,20.55,0.2684,1,High
9537-VHDTA,0,51.2,0.2673,1,High
4612-THJBS,1,104.75,0.2672,1,High
1370-GGAWX,0,94.15,0.2659,1,High
6664-FPDAC,1,111.95,0.265,1,High
8713-IGZSO,0,24.85,0.2643,1,High
4522-AKYLR,0,54.8,0.2607,1,High
2257-BOVXD,0,66.6,0.2603,1,High
4693-VWVBO,0,19.55,0.2603,1,High
1087-UDSIH,1,19.6,0.2598,1,High
6184-DYUOB,0,19.6,0.2595,1,High
0463-WZZKO,0,20.75,0.2586,1,High
9277-JOOMO,0,24.6,0.2582,1,High
9039-ZVJDC,0,19.1,0.2579,1,High
7426-WEIJX,0,80.95,0.2572,1,High
6270-OMFIW,1,94.4,0.2572,1,High
7722-CVFXN,0,105.2,0.2552,1,High
4640-UHDOS,1,55.95,0.2543,1,High
5423-BHIXO,0,54.2,0.254,1,High
2669-QVCRG,0,81.3,0.2533,1,High
5402-HTOTQ,0,55.3,0.2525,1,High
2770-NSVDG,0,29.1,0.2493,1,High
8985-OOPOS,0,74.1,0.2476,1,High
0870-VEMYL,1,53.85,0.2465,1,High
3694-GLTJM,0,19.65,0.2463,1,High
9374-YOLBJ,0,19.25,0.2442,1,High
9629-NHXFW,0,19.4,0.2442,1,High
2000-MPKCA,0,107.75,0.2434,1,High
8547-NSBBO,0,96.75,0.2425,1,High
1110-KYLGQ,0,108.25,0.2422,1,High
7124-UGSUR,1,104.4,0.242,1,High
5868-YTYKS,0,20.25,0.2418,1,High
3325-FUYCG,1,106.1,0.2391,1,High
3756-VNWDH,0,100.75,0.2389,1,High
6473-ULUHT,0,84.9,0.2388,1,High
9500-LTVBP,0,80.05,0.2347,1,High
0701-TJSEF,0,68.25,0.234,1,High
9481-SFCQY,0,59.8,0.2339,1,High
3842-QTGDL,0,80.75,0.2324,1,High
1976-AZZPJ,0,34.2,0.232,1,High
5876-HZVZM,1,55.9,0.2316,1,High
6713-OKOMC,0,29.75,0.2299,1,High
0461-CVKMU,1,83.8,0.2299,1,High
4869-EPIUS,0,80.9,0.2286,1,High
6967-QIQRV,0,101.9,0.2273,1,High
9327-QSDED,0,43.55,0.2272,1,High
4819-HJPIW,0,25.15,0.2266,1,High
3982-XWFZQ,1,50.25,0.2265,1,High
1217-VASWC,0,100.55,0.2246,1,High
4695-VADHF,1,57.45,0.2224,1,High
5240-CAOYT,0,87.55,0.2175,1,High
7017-VFULY,0,20.1,0.2169,1,High
1958-RNRKS,0,49.9,0.2157,1,High
2684-EIWEO,1,91.7,0.2157,1,High
3313-QKNKB,1,85.55,0.2149,1,High
9701-CDXHR,0,69.15,0.2148,1,High
5569-IDSEY,0,105.7,0.2144,1,High
9139-WQQDY,1,100.45,0.2133,1,High
6777-TGHTM,1,106.95,0.2129,1,High
3870-MQAMG,1,110.35,0.211,1,High
0959-WHOKV,0,99.0,0.21,1,High
7054-ENNGU,0,50.85,0.2092,1,High
5766-ZJYBB,1,19.4,0.209,1,High
2866-IKBTM,0,19.55,0.2088,1,High
3930-ZGWVE,0,19.75,0.2087,1,High
4892-VLANZ,1,19.8,0.2086,1,High
8967-SZQAS,0,50.45,0.2084,1,High
7096-UCLNH,0,20.05,0.2084,1,High
1066-JKSGK,1,20.15,0.2083,1,High
4211-MMAZN,1,20.25,0.2082,1,High
9122-UMROB,0,20.3,0.2082,1,High
1963-VAUKV,1,20.4,0.2081,1,High
2668-TZSPS,0,20.45,0.208,1,High
7926-IJOOU,0,19.3,0.2078,1,High
4013-GUXND,0,20.8,0.2077,1,High
2220-IAHLS,0,19.4,0.2077,1,High
7434-SHXLS,1,20.9,0.2076,1,High
3090-QFUVD,0,20.3,0.2068,1,High
2700-LUEVA,0,20.75,0.2064,1,High
9986-BONCE,1,20.95,0.2052,1,High
4237-CLSMM,0,20.0,0.2043,1,High
0523-VNGTF,0,50.5,0.2034,1,High
8053-WWDRO,1,19.5,0.2032,1,High
1796-JANOW,0,19.95,0.2032,1,High
2839-RFSQE,1,20.65,0.2022,1,High
9103-TCIHJ,1,55.7,0.2021,1,High
6776-TLWOI,1,19.85,0.2017,1,High
5067-XJQFU,0,108.45,0.2013,1,High
0096-FCPUF,0,64.5,0.2006,1,High
0883-EIBTI,1,19.5,0.1996,1,High
0516-OOHAR,0,100.35,0.1995,1,High
0178-CIIKR,0,19.95,0.1993,1,High
7787-BNTZM,0,20.15,0.1986,1,High
4903-UYAVB,1,19.35,0.1986,1,High
2810-FTLEM,1,50.15,0.1986,1,High
1855-CFULU,0,20.05,0.1984,1,High
7824-PANSQ,0,80.65,0.1982,1,High
5533-RJFTJ,0,30.2,0.1972,1,High
6773-LQTVT,0,35.65,0.1968,1,High
2778-OCLGR,1,39.1,0.1967,1,High
5846-QFDFI,0,88.6,0.1964,1,High
7502-BNYGS,0,69.1,0.193,1,High
0567-GGCAC,0,61.4,0.1929,1,High
7629-WIXZF,0,59.1,0.1916,1,High
9844-FELAJ,0,107.9,0.1882,1,High
5850-BDWCY,0,20.2,0.1879,0,Medium
2195-VVRJF,0,59.1,0.1874,0,Medium
2659-VXMWZ,1,111.3,0.1867,0,Medium
7134-MJPDY,0,102.85,0.1831,0,Medium
7964-ZRKKG,0,88.4,0.1826,0,Medium
8003-EWNDZ,0,21.2,0.1821,0,Medium
9138-EFSMO,0,78.95,0.1811,0,Medium
4003-FUSHP,0,61.55,0.1811,0,Medium
9069-LGEUL,0,59.95,0.1807,0,Medium
5951-AOFIH,0,66.4,0.18,0,Medium
5440-VHLUL,0,105.2,0.1796,0,Medium
8930-XOTDP,0,55.95,0.1784,0,Medium
4402-FTBXC,0,89.8,0.1781,0,Medium
5343-SGUBI,0,80.2,0.1777,0,Medium
2796-UUZZO,0,80.3,0.1766,0,Medium
3865-ZYKAD,0,84.9,0.1763,0,Medium
3893-JRNFS,0,39.9,0.176,0,Medium
3179-GBRWV,0,64.95,0.1751,0,Medium
4323-OHFOW,0,105.55,0.174,0,Medium
6890-PFRQX,0,69.5,0.1732,0,Medium
8905-IAZPF,0,95.65,0.1699,0,Medium
6469-MRVET,0,20.2,0.1697,0,Medium
2087-QAREY,0,54.7,0.1691,0,Medium
1360-XFJMR,0,109.7,0.169,0,Medium
9033-EOXWV,1,74.05,0.1689,0,Medium
6164-HXUGH,0,19.85,0.1682,0,Medium
3680-CTHUH,0,116.6,0.1672,0,Medium
9972-VAFJJ,0,94.0,0.1667,0,Medium
6421-SZVEM,0,82.85,0.1657,0,Medium
4816-OKWNX,0,103.4,0.165,0,Medium
6778-JFCMK,0,50.6,0.1643,0,Medium
0440-QEXBZ,0,50.15,0.1631,0,Medium
0233-FTHAV,0,79.2,0.1629,0,Medium
9565-JSNFM,1,70.45,0.1625,0,Medium
0423-UDIJQ,0,49.2,0.1622,0,Medium
1707-HABPF,0,91.3,0.1621,0,Medium
4075-JFPGR,0,93.5,0.162,0,Medium
2972-YDYUW,0,94.7,0.1618,0,Medium
4726-DLWQN,0,70.35,0.1616,0,Medium
2155-AMQRX,0,54.9,0.1616,0,Medium
4187-CINZD,1,95.25,0.1613,0,Medium
7266-GSSJX,0,20.45,0.1609,0,Medium
5921-NGYRH,0,73.55,0.1596,0,Medium
1346-PJWTK,0,94.15,0.1594,0,Medium
3896-RCYYE,0,53.4,0.1591,0,Medium
1925-LFCZZ,0,50.05,0.1543,0,Medium
4016-BJKTZ,0,108.9,0.1533,0,Medium
5155-AZQPB,0,49.9,0.1532,0,Medium
8033-ATFAS,0,59.85,0.153,0,Medium
7919-ZODZZ,0,65.9,0.1528,0,Medium
4712-AUQZO,0,33.6,0.1525,0,Medium
9820-RMCQV,1,48.55,0.1517,0,Medium
8970-ANWXO,0,73.75,0.1514,0,Medium
3639-XJHKQ,0,60.6,0.1512,0,Medium
9107-UKCKY,0,79.8,0.1506,0,Medium
8295-FHIVV,0,19.4,0.1505,0,Medium
7619-ODSGN,1,54.75,0.1501,0,Medium
1530-ZTDOZ,0,40.65,0.149,0,Medium
7130-CTCUS,0,54.55,0.1489,0,Medium
9788-YTFGE,0,19.95,0.1476,0,Medium
1386-ZIKUV,0,18.95,0.147,0,Medium
9040-KZVWO,0,75.5,0.1469,0,Medium
1409-PHXTF,0,110.45,0.1463,0,Medium
1447-PJGGA,1,95.25,0.146,0,Medium
2696-ECXKC,0,100.9,0.1457,0,Medium
9480-BQJEI,0,92.3,0.1455,0,Medium
0665-XHDJU,0,99.4,0.1442,0,Medium
3523-QRQLL,1,69.5,0.1428,0,Medium
4700-UBQMV,0,75.9,0.1427,0,Medium
9378-FXTIZ,1,70.15,0.1423,0,Medium
9025-ZRPVR,1,18.95,0.1422,0,Medium
5832-EXGTT,0,60.2,0.1419,0,Medium
1131-SUEKT,0,98.45,0.1417,0,Medium
8401-EMUWF,0,69.4,0.1416,0,Medium
3847-BAERP,0,20.9,0.1394,0,Medium
3571-DPYUH,0,94.7,0.139,0,Medium
1697-NVVGY,0,66.4,0.1383,0,Medium
1095-WGNGG,0,101.05,0.1373,0,Medium
4860-YZGZM,0,20.0,0.1358,0,Medium
0743-HRVFF,0,56.15,0.1349,0,Medium
1385-TQOZW,0,20.45,0.1348,0,Medium
0689-DSXGL,0,85.8,0.1346,0,Medium
1096-ADRUX,0,74.25,0.1345,0,Medium
5223-UZAVK,0,100.3,0.1326,0,Medium
2250-IVBWA,0,81.05,0.1316,0,Medium
7311-MQJCH,0,19.55,0.1315,0,Medium
8582-KRHPJ,0,35.0,0.13,0,Medium
1322-AGOQM,1,30.3,0.1282,0,Medium
9013-AQORL,0,45.55,0.1281,0,Medium
2242-MFOTG,0,80.1,0.1264,0,Medium
2055-SIFSS,0,51.65,0.1264,0,Medium
0076-LVEPS,0,45.0,0.1226,0,Medium
8231-BSWXX,0,79.05,0.1208,0,Medium
6242-SGYTS,0,94.95,0.1205,0,Medium
3733-UOCWF,0,85.55,0.1199,0,Medium
1376-HHBDV,0,48.8,0.1199,0,Medium
7572-KPVKK,0,104.05,0.1194,0,Medium
5808-TOTXO,0,20.55,0.1192,0,Medium
5996-NRVXR,0,98.15,0.1179,0,Medium
3096-WPXBT,0,100.7,0.1172,0,Medium
4946-EDSEW,1,19.25,0.117,0,Medium
1852-XEMDW,0,65.05,0.1159,0,Medium
4332-MUOEZ,0,94.3,0.1143,0,Medium
7997-EASSD,0,81.2,0.1142,0,Medium
0748-RDGGM,1,109.5,0.1115,0,Medium
2307-FYNNL,0,109.05,0.111,0,Medium
6728-CZFEI,0,56.15,0.1087,0,Medium
6297-NOOPG,0,110.5,0.108,0,Medium
0373-AIVNJ,0,39.55,0.1075,0,Medium
6112-KTHFQ,0,19.3,0.1068,0,Medium
5446-DKWYW,0,65.2,0.106,0,Medium
4830-FAXFM,0,24.1,0.1058,0,Medium
7013-PSXHK,0,80.75,0.1055,0,Medium
0310-VQXAM,0,19.85,0.1046,0,Medium
8646-JCOMS,0,90.55,0.1045,0,Medium
4785-QRJHC,1,59.9,0.1037,0,Medium
2419-FSORS,0,108.4,0.1036,0,Medium
3324-OIRTO,0,104.65,0.1027,0,Medium
2001-MCUUW,0,108.65,0.1024,0,Medium
2428-ZMCTB,0,19.75,0.102,0,Medium
3594-UVONA,1,85.95,0.1014,0,Medium
6598-RFFVI,1,19.3,0.1,0,Medium
9586-JGQKH,0,105.4,0.0996,0,Medium
9143-CANJF,0,55.15,0.0995,0,Medium
9932-WBWIK,0,20.35,0.0991,0,Medium
8909-BOLNL,0,21.2,0.0989,0,Medium
0725-CXOTM,0,89.65,0.0982,0,Medium
7531-GQHME,0,20.05,0.0978,0,Medium
5619-XZZKR,0,19.95,0.0977,0,Medium
9715-WZCLW,0,97.2,0.0975,0,Medium
6838-HVLXG,0,20.3,0.0975,0,Medium
5857-XRECV,0,20.5,0.0967,0,Medium
8947-YRTDV,0,94.8,0.0964,0,Medium
9367-TCUYN,0,20.1,0.0964,0,Medium
2911-IJORQ,0,90.6,0.0963,0,Medium
6075-QMNRR,0,49.75,0.096,0,Medium
9330-VOFSZ,0,110.8,0.0957,0,Medium
2967-MXRAV,0,18.8,0.0954,0,Medium
2239-CFOUJ,0,20.4,0.0947,0,Medium
2129-ALKBS,0,26.2,0.0943,0,Medium
5018-LXQQG,0,66.3,0.094,0,Low
5294-CDGWY,1,59.3,0.0936,0,Low
2930-UOTMB,1,65.25,0.0934,0,Low
1353-GHZOS,0,59.75,0.0931,0,Low
0289-IVARM,0,60.55,0.0922,0,Low
7233-IOQNP,0,34.0,0.0921,0,Low
2887-JPYLU,0,45.2,0.0921,0,Low
7691-XVTZH,0,89.95,0.0921,0,Low
8819-ZBYNA,0,109.1,0.0919,0,Low
2233-TXSIU,0,44.45,0.0918,0,Low
9114-AAFQH,0,65.65,0.0915,0,Low
9972-NKTFD,0,54.65,0.0911,0,Low
4079-VTGLK,0,74.85,0.0906,0,Low
1696-MZVAU,0,25.25,0.0898,0,Low
1702-CCFNJ,0,61.35,0.0885,0,Low
6568-POCUI,0,95.2,0.0879,0,Low
8457-XIGKN,0,19.6,0.0876,0,Low
7954-MLBUN,0,99.45,0.0875,0,Low
5271-YNWVR,1,113.15,0.0873,0,Low
1730-VFMWO,0,50.2,0.0869,0,Low
3181-MIZBN,0,19.75,0.0869,0,Low
8089-UZWLX,0,104.05,0.0869,0,Low
1218-VKFPE,1,19.0,0.0868,0,Low
7184-LRUUR,0,65.25,0.086,0,Low
7663-CUXZB,0,113.75,0.0853,0,Low
3301-VKTGC,0,85.5,0.085,0,Low
2338-BQEZT,0,50.55,0.0844,0,Low
9388-ZEYVT,0,44.15,0.0833,0,Low
6968-URWQU,0,56.35,0.0832,0,Low
9592-ERDKV,0,79.25,0.0827,0,Low
5092-STPKP,0,56.35,0.0823,0,Low
3229-USWAR,0,79.95,0.0821,0,Low
7762-ONLJY,0,19.7,0.0819,0,Low
2746-DIJLO,0,56.3,0.0816,0,Low
6933-FHBZC,0,56.05,0.0814,0,Low
8741-LQOBK,0,35.05,0.0803,0,Low
0384-LPITE,0,62.05,0.0795,0,Low
3022-BEXHZ,0,111.2,0.079,0,Low
2223-KAGMX,1,19.4,0.0783,0,Low
9052-DHNKM,0,61.55,0.0778,0,Low
5539-HIVAK,0,25.7,0.0768,0,Low
6171-ZTVYB,0,66.25,0.0766,0,Low
2469-DTSGX,0,111.65,0.0758,0,Low
1536-YHDOE,0,62.1,0.0754,0,Low
6967-PEJLL,0,40.2,0.0747,0,Low
2323-ARSVR,0,111.05,0.0735,0,Low
0742-LAFQK,0,99.15,0.0733,0,Low
7666-WKRON,1,80.45,0.0733,0,Low
5161-XEUVX,0,94.3,0.0731,0,Low
3766-EJLFL,0,109.05,0.0728,0,Low
2798-NYLMZ,0,108.55,0.072,0,Low
9351-HXDMR,0,110.9,0.0718,0,Low
1338-CECEE,0,68.5,0.0716,0,Low
8400-WZICQ,0,55.7,0.0699,0,Low
2408-PSJVE,0,61.9,0.0697,0,Low
1150-WFARN,1,108.75,0.0683,0,Low
3363-DTIVD,0,105.55,0.068,0,Low
0628-CNQRM,1,67.5,0.0679,0,Low
6445-TNRXS,0,114.7,0.0676,0,Low
5701-GUXDC,0,35.4,0.0674,0,Low
2578-JQPHZ,0,100.1,0.0669,0,Low
4072-IPYLT,0,51.05,0.0667,0,Low
5753-QQWPW,0,59.9,0.0664,0,Low
7445-WMRBW,0,73.85,0.0662,0,Low
1097-FSPVW,0,54.55,0.064,0,Low
9589-ABEPT,0,92.45,0.0632,0,Low
5061-PBXFW,0,61.4,0.0628,0,Low
5236-XMZJY,0,59.65,0.0628,0,Low
8041-TMEID,0,108.5,0.0627,0,Low
3850-OKINF,0,66.2,0.0626,0,Low
8559-CIZFV,1,77.5,0.062,0,Low
9917-KWRBE,0,78.35,0.0619,0,Low
6992-TKNYO,0,69.0,0.0617,0,Low
8915-NNTRC,0,107.7,0.0617,0,Low
6194-HBGQN,0,81.15,0.0616,0,Low
9309-BZGNT,0,29.8,0.0616,0,Low
6999-CHVCF,0,102.1,0.0611,0,Low
3396-DKDEL,0,115.15,0.0611,0,Low
5073-RZGBK,0,80.05,0.06,0,Low
0121-SNYRK,0,35.4,0.0597,0,Low
1741-WTPON,0,115.85,0.0592,0,Low
4376-KFVRS,0,114.05,0.0591,0,Low
9928-BZVLZ,0,49.85,0.0589,0,Low
0017-IUDMW,0,116.8,0.0581,0,Low
2511-MORQY,0,54.9,0.0578,0,Low
9289-LBQVU,0,70.15,0.0576,0,Low
7021-XSNYE,0,49.65,0.0574,0,Low
5204-HMGYF,0,87.2,0.0572,0,Low
0866-QLSIR,1,64.4,0.057,0,Low
6848-YLDFR,0,75.2,0.0568,0,Low
5546-BYZSM,0,20.45,0.056,0,Low
5975-BAICR,0,63.7,0.0557,0,Low
0019-EFAEP,0,101.3,0.0554,0,Low
2405-LBMUW,0,50.7,0.0548,0,Low
2673-ZALNP,0,19.9,0.0544,0,Low
1936-UAFEH,0,110.25,0.0542,0,Low
8461-EFQYM,0,24.25,0.0541,0,Low
0074-HDKDG,0,61.6,0.053,0,Low
7838-LAZFO,0,78.8,0.0515,0,Low
9640-ZSLDC,0,60.6,0.051,0,Low
9207-ZPANB,0,67.45,0.0509,0,Low
5468-BPMMO,0,19.6,0.0502,0,Low
8727-XDPUD,0,35.8,0.0501,0,Low
2061-VVFST,0,19.5,0.0497,0,Low
8570-KLJYJ,0,54.45,0.0493,0,Low
1952-DVVSW,0,20.1,0.0489,0,Low
7359-WWYJV,0,114.45,0.0488,0,Low
7649-PHJVR,0,19.5,0.0485,0,Low
9209-NWPGU,0,65.4,0.0483,0,Low
7492-TAFJD,0,38.55,0.048,0,Low
6551-ZCOTS,0,24.9,0.0476,0,Low
3750-YHRYO,0,20.65,0.0468,0,Low
4560-WQAQW,0,68.7,0.0462,0,Low
9220-ZNKJI,0,88.8,0.0458,0,Low
2664-XJZNO,0,104.9,0.0457,0,Low
6519-ZHPXP,0,108.3,0.0455,0,Low
9777-IQHWP,0,93.4,0.0451,0,Low
3133-PZNSR,0,97.75,0.0449,0,Low
6950-TWMYB,0,79.95,0.0444,0,Low
3724-BSCVH,0,20.45,0.0442,0,Low
4537-CIBHB,0,20.25,0.0441,0,Low
4227-OJHAL,0,73.0,0.0439,0,Low
6746-WAUWT,0,19.7,0.0439,0,Low
7471-MQPOS,0,72.9,0.0437,0,Low
2676-SSLTO,0,66.15,0.0433,0,Low
2984-TBYKU,0,104.9,0.0432,0,Low
5306-BVTKJ,0,55.8,0.043,0,Low
9330-DHBFL,0,66.25,0.043,0,Low
7037-MTYVW,0,85.4,0.0427,0,Low
3239-TPHPZ,0,20.05,0.0427,0,Low
9926-PJHDQ,0,76.8,0.0426,0,Low
3831-YCPUO,0,109.5,0.0425,0,Low
2907-ILJBN,0,20.6,0.0424,0,Low
5820-PTRYM,0,68.45,0.0423,0,Low
6754-LZUKA,0,80.9,0.042,0,Low
7375-WMVMT,0,95.5,0.0418,0,Low
6726-NNFWD,0,89.45,0.0415,0,Low
2245-ADZFJ,0,80.55,0.0413,0,Low
3717-FDJFU,0,20.45,0.0412,0,Low
1063-DHQJF,0,92.15,0.0407,0,Low
8782-NUUOL,0,79.0,0.0403,0,Low
9063-ZGTUY,1,19.4,0.0392,0,Low
7795-CFOCW,0,42.3,0.0389,0,Low
4178-EGMON,0,88.0,0.0389,0,Low
0181-RITDD,0,108.15,0.0387,0,Low
1642-HMARX,0,91.7,0.0386,0,Low
2088-IEBAU,0,88.15,0.0386,0,Low
4024-CSNBY,0,94.25,0.0385,0,Low
0022-TCJCI,1,62.7,0.0382,0,Low
7817-OMJNA,0,20.4,0.038,0,Low
0023-UYUPN,0,25.2,0.0377,0,Low
2788-CJQAQ,0,19.45,0.0373,0,Low
2592-HODOV,0,19.3,0.037,0,Low
9720-JJJOR,0,60.3,0.0368,0,Low
0056-EPFBG,0,39.4,0.0364,0,Low
1525-LNLOJ,0,63.3,0.0361,0,Low
2188-SXWVT,0,55.0,0.0355,0,Low
6234-RAAPL,0,99.9,0.0353,0,Low
3340-QBBFM,0,54.1,0.035,0,Low
4648-YPBTM,0,73.9,0.035,0,Low
1139-WUOAH,0,53.35,0.0348,0,Low
1023-BQXZE,0,74.35,0.0347,0,Low
3926-YZVVX,0,50.05,0.0346,0,Low
0230-UBYPQ,0,36.1,0.0344,0,Low
6061-GWWAV,0,70.2,0.0337,0,Low
6527-PZFPV,0,20.8,0.0337,0,Low
3705-PSNGL,1,20.4,0.0337,0,Low
8763-KIAFH,0,20.55,0.0336,0,Low
1206-EHBDD,0,80.3,0.0335,0,Low
9888-ZCUMM,0,60.05,0.0335,0,Low
8626-PTQGE,0,60.05,0.0332,0,Low
2541-YGPKE,0,63.7,0.0332,0,Low
3727-OWVYD,0,61.2,0.0322,0,Low
3489-VSFRD,0,60.25,0.0322,0,Low
9867-XOBQA,0,53.15,0.0321,0,Low
2550-AEVRU,0,53.45,0.0317,0,Low
3547-LQRIK,0,26.9,0.0316,0,Low
6203-HBZPA,0,63.9,0.0314,0,Low
8869-TORSS,1,60.35,0.0312,0,Low
7321-ZNSLA,0,40.55,0.0311,0,Low
6693-DJWTY,0,55.6,0.0303,0,Low
7996-BPXHY,0,25.0,0.0303,0,Low
1271-UODNO,0,53.85,0.0302,0,Low
3982-JGSFD,0,20.35,0.03,0,Low
3125-RAHBV,0,20.3,0.0295,0,Low
0336-KXKFK,0,61.2,0.0292,0,Low
8645-KOMJQ,0,81.95,0.0292,0,Low
4751-ERMAN,0,75.4,0.0291,0,Low
9385-NXKDA,0,82.65,0.0291,0,Low
2466-FCCPT,0,19.7,0.0291,0,Low
8125-QPFJD,0,84.9,0.029,0,Low
1960-UOTYM,0,79.2,0.0289,0,Low
2430-RRYUW,0,54.8,0.0289,0,Low
5519-TEEUH,0,20.15,0.0288,0,Low
1682-VCOIO,0,20.45,0.0288,0,Low
3985-HOYPM,0,19.4,0.0284,0,Low
6814-ZPWFQ,0,25.0,0.0283,0,Low
8390-FESFV,0,84.5,0.0282,0,Low
1122-YJBCS,0,53.65,0.0276,0,Low
7503-MIOGA,0,89.85,0.0274,0,Low
0788-DXBFY,0,19.55,0.0274,0,Low
2878-DHMIN,0,19.9,0.0272,0,Low
5583-EJXRD,0,54.05,0.0271,0,Low
6823-SIDFQ,0,18.25,0.027,0,Low
6685-GBWJZ,0,70.8,0.0268,0,Low
9108-EQPNQ,0,26.1,0.0267,0,Low
6223-DHJGV,0,20.65,0.0266,0,Low
5318-YKDPV,0,79.15,0.0266,0,Low
0604-THJFP,0,75.95,0.0261,0,Low
8873-TMKGR,0,19.1,0.0261,0,Low
8204-YJCLA,0,64.8,0.026,0,Low
8779-YIQQA,0,19.8,0.026,0,Low
4632-PAOYU,0,19.95,0.0259,0,Low
3161-ONRWK,0,65.85,0.0258,0,Low
6701-YVNQG,0,88.7,0.0253,0,Low
3544-FBCAS,0,83.6,0.0253,0,Low
1431-AIDJQ,0,82.1,0.0252,0,Low
9648-BCHKM,0,24.65,0.0251,0,Low
4584-LBNMK,0,24.7,0.0243,0,Low
1088-AUUZZ,0,75.85,0.0242,0,Low
2335-GSODA,0,40.1,0.0238,0,Low
5924-SNGKP,0,20.25,0.0236,0,Low
0707-HOVVN,0,75.5,0.0235,0,Low
1172-VIYBP,0,69.7,0.0235,0,Low
5266-PFRQK,0,20.85,0.0229,0,Low
9140-CZQZZ,0,79.6,0.0228,0,Low
7301-ABVAD,0,86.6,0.0227,0,Low
9339-FIIJL,0,85.95,0.0225,0,Low
5485-ITNPC,0,85.9,0.0223,0,Low
2005-DWQZJ,0,19.05,0.0222,0,Low
2987-BJXIK,0,84.7,0.0222,0,Low
8345-MVDYC,0,81.65,0.0221,0,Low
8181-YHCMF,0,60.3,0.0219,0,Low
5727-MYATE,0,90.8,0.0219,0,Low
6388-TABGU,0,56.15,0.0217,0,Low
4039-PIMHX,0,49.8,0.0216,0,Low
2824-DXNKN,0,71.45,0.0214,0,Low
0048-PIHNL,0,20.45,0.0214,0,Low
2589-AYCRP,0,19.75,0.0213,0,Low
2211-RMNHO,0,85.3,0.0213,0,Low
6064-ZATLR,0,52.85,0.0211,0,Low
5057-RKGLH,0,20.35,0.0209,0,Low
0123-CRBRT,0,88.1,0.0207,0,Low
5469-NUJUR,0,19.95,0.0204,0,Low
8430-TWCBX,0,20.7,0.0203,0,Low
5495-GPSRW,0,19.7,0.0201,0,Low
0486-LGCCH,0,19.65,0.02,0,Low
8592-PLTMQ,0,24.7,0.0194,0,Low
7596-IIWYC,0,20.25,0.019,0,Low
6701-DHKWQ,0,51.35,0.019,0,Low
7649-SIJJF,0,80.1,0.0189,0,Low
1221-GHZEP,0,65.1,0.0189,0,Low
6614-YOLAC,0,58.65,0.0189,0,Low
8191-XWSZG,0,20.65,0.0187,0,Low
4950-HKQTE,0,26.25,0.0186,0,Low
0769-MURVM,0,65.7,0.0185,0,Low
0839-JTCUD,0,89.9,0.0183,0,Low
5696-JVVQY,0,70.1,0.0183,0,Low
3967-KXAPS,0,92.3,0.0183,0,Low
7216-KAOID,0,19.5,0.0183,0,Low
7873-CVMAW,0,88.55,0.0183,0,Low
0052-YNYOT,0,20.55,0.018,0,Low
4526-EXKKN,0,24.6,0.0176,0,Low
6953-PBDIN,0,72.95,0.0173,0,Low
5063-IUOKK,0,19.75,0.0172,0,Low
6096-EGVTU,0,24.9,0.017,0,Low
0559-CKHUS,0,19.55,0.0167,0,Low
9674-EHPPG,0,40.4,0.0167,0,Low
8241-JUIQO,0,19.45,0.0165,0,Low
5324-KTGCG,0,20.85,0.0165,0,Low
3521-HTQTV,0,26.1,0.016,0,Low
7560-QJAVJ,0,79.6,0.016,0,Low
0732-OCQOC,0,25.05,0.0159,0,Low
6051-PTVNS,0,19.15,0.0153,0,Low
2263-SFSQZ,0,24.95,0.0151,0,Low
4302-ZYFEL,0,20.55,0.0151,0,Low
4213-HKBJO,0,25.7,0.0149,0,Low
1699-UOTXU,0,61.4,0.0149,0,Low
0379-DJQHR,0,81.35,0.0148,0,Low
2923-ARZLG,0,19.7,0.0148,0,Low
8292-ITGYJ,0,24.65,0.0147,0,Low
5356-KZCKT,0,24.45,0.0146,0,Low
7815-PDTHL,0,20.2,0.0145,0,Low
7998-WNZEM,0,80.6,0.0145,0,Low
1676-MQAOA,0,75.1,0.0142,0,Low
2266-FUBDZ,0,19.35,0.0142,0,Low
2162-FRZAA,0,39.35,0.0141,0,Low
4636-TVXVG,0,19.95,0.014,0,Low
5457-COLHT,0,80.65,0.014,0,Low
3884-UEBXB,0,36.15,0.0139,0,Low
6292-TOSSS,0,24.9,0.0137,0,Low
3470-OBUET,0,74.0,0.0136,0,Low
7898-PDWQE,0,80.4,0.0136,0,Low
5614-DNZCE,0,64.9,0.0134,0,Low
1697-LYYYX,0,19.1,0.0133,0,Low
2954-PIBKO,0,64.15,0.0133,0,Low
6248-BSHKG,0,20.4,0.0133,0,Low
5666-MBJPT,0,25.1,0.0133,0,Low
9588-YRFHY,0,19.9,0.0132,0,Low
9548-LERKT,0,19.75,0.0131,0,Low
3978-YNKDD,0,20.85,0.013,0,Low
0608-JDVEC,0,19.8,0.013,0,Low
3957-SQXML,0,24.95,0.0129,0,Low
9755-JHNMN,0,67.4,0.0127,0,Low
8338-QIUNR,0,66.5,0.0125,0,Low
0562-FGDCR,0,74.55,0.0123,0,Low
3071-MVJCD,0,82.3,0.0123,0,Low
4825-FUREZ,0,20.25,0.0122,0,Low
4018-PPNDW,0,24.1,0.012,0,Low
4299-OPXEJ,0,19.55,0.012,0,Low
6365-HITVU,0,87.25,0.0119,0,Low
8207-VVMYB,0,26.0,0.0118,0,Low
3948-KXDUF,0,68.75,0.0118,0,Low
9114-DPSIA,0,81.0,0.0115,0,Low
5338-YHWYT,0,61.45,0.0115,0,Low
1716-LSAMB,0,54.65,0.0112,0,Low
7647-GYYKX,0,20.35,0.0111,0,Low
6734-PSBAW,0,23.55,0.0111,0,Low
3512-IZIKN,1,65.3,0.011,0,Low
8587-XYZSF,0,50.55,0.011,0,Low
2207-RYYRL,0,24.55,0.0108,0,Low
3200-MNQTF,0,70.9,0.0107,0,Low
0625-AFOHS,0,20.2,0.0106,0,Low
2208-MPXIO,0,20.0,0.0106,0,Low
6370-ZVHDV,0,25.3,0.0105,0,Low
9372-TXXPS,0,59.85,0.0104,0,Low
8361-LBRDI,0,24.35,0.0104,0,Low
3088-FVYWK,0,25.55,0.0103,0,Low
5334-AFQJB,0,25.1,0.0102,0,Low
3795-GWTRD,0,75.55,0.0102,0,Low
6134-KWTBV,0,23.4,0.0102,0,Low
7139-JZFVG,0,60.5,0.0101,0,Low
9087-EYCPR,0,25.0,0.01,0,Low
3429-IFLEM,0,77.35,0.0098,0,Low
5296-BFCYD,0,20.1,0.0097,0,Low
4785-FCIFB,0,24.4,0.0096,0,Low
2729-VNVAP,0,19.8,0.0096,0,Low
3970-XGJDU,0,19.2,0.0094,0,Low
4735-BJKOU,0,20.15,0.0093,0,Low
4779-ZGICK,0,23.55,0.0092,0,Low
0270-THENM,0,69.85,0.0091,0,Low
9430-NKQLY,0,25.1,0.009,0,Low
1767-CJKBA,0,25.1,0.0087,0,Low
4656-CAURT,0,23.95,0.0087,0,Low
9814-AOUDH,0,19.5,0.0086,0,Low
9507-HSMMZ,0,20.0,0.0085,0,Low
1306-RPWXZ,0,20.45,0.0084,0,Low
4625-LAMOB,0,20.4,0.0083,0,Low
5804-JMYIO,0,19.75,0.0083,0,Low
3836-FZSDJ,0,24.85,0.0083,0,Low
6340-DACFT,0,20.55,0.0082,0,Low
8780-IHCRN,0,24.65,0.0081,0,Low
1574-DYCWE,0,19.95,0.008,0,Low
8735-SDUFN,0,24.3,0.008,0,Low
2075-PUEPR,0,19.35,0.0079,0,Low
7114-AEOZE,0,19.85,0.0078,0,Low
9574-BOSMD,0,25.4,0.0077,0,Low
6625-FLENO,0,20.75,0.0076,0,Low
7606-BPHHN,0,19.8,0.0075,0,Low
4742-TXUEX,0,19.3,0.0073,0,Low
0040-HALCW,0,20.4,0.0073,0,Low
4312-KFRXN,0,25.4,0.0073,0,Low
1862-QRWPE,0,20.65,0.0072,0,Low
8224-KDLKN,0,25.0,0.007,0,Low
8857-CUPFQ,0,19.25,0.0068,0,Low
8727-JQFHV,0,20.75,0.0068,0,Low
7634-HLQJR,0,20.05,0.0068,0,Low
3563-SVYLG,0,62.65,0.0068,0,Low
2346-LOCWC,0,20.5,0.0067,0,Low
5893-KCLGT,0,19.75,0.0067,0,Low
9365-CSLBQ,0,24.35,0.0067,0,Low
2230-XTUWL,0,19.55,0.0066,0,Low
5146-YYFRZ,0,19.95,0.0066,0,Low
1555-HAPSU,0,23.9,0.0066,0,Low
0397-ZXWQF,0,20.5,0.0066,0,Low
2146-EGVDT,0,19.3,0.0065,0,Low
7717-BICXI,0,20.55,0.0063,0,Low
1830-IPXVJ,0,19.75,0.0063,0,Low
8619-IJNDK,0,64.05,0.0062,0,Low
7157-SMCFK,0,19.75,0.0062,0,Low
1945-XISKS,0,19.65,0.0061,0,Low
2236-HILPA,0,20.65,0.006,0,Low
6345-FZOQH,0,19.9,0.0058,0,Low
2429-AYKKO,0,19.85,0.0058,0,Low
7515-LODFU,0,20.3,0.0057,0,Low
2984-RGEYA,0,19.75,0.0055,0,Low
7602-DBTOU,0,19.6,0.0055,0,Low
3642-BYHDO,0,19.9,0.0052,0,Low
4817-KEQSP,0,19.85,0.0052,0,Low
4277-BWBML,0,19.95,0.005,0,Low
1371-DWPAZ,0,56.05,0.0002,0,Low
